<?xml version="1.0" encoding="UTF-8"?>
<DARoots Version="1"
		Minor="22">
	<FileSet Name="sources_1"
			Type="DesignSrcs"
			RelSrcDir="$PSRCDIR/sources_1">
		<Filter Type="Srcs"/>
		<File Path="$PPRDIR/../FIFO.vhd">
			<FileInfo>
				<Attr Name="UsedInSynthesis"
						Val="1"/>
				<Attr Name="UsedInImplementation"
						Val="1"/>
				<Attr Name="UsedInSimulation"
						Val="1"/>
			</FileInfo>
		</File>
		<File Path="$PPRDIR/../cnn_types.vhd">
			<FileInfo>
				<Attr Name="UsedInSynthesis"
						Val="1"/>
				<Attr Name="UsedInImplementation"
						Val="1"/>
				<Attr Name="UsedInSimulation"
						Val="1"/>
			</FileInfo>
		</File>
		<File Path="$PPRDIR/../three_FIFO.vhd">
			<FileInfo>
				<Attr Name="UsedInSynthesis"
						Val="1"/>
				<Attr Name="UsedInImplementation"
						Val="1"/>
				<Attr Name="UsedInSimulation"
						Val="1"/>
			</FileInfo>
		</File>
		<File Path="$PPRDIR/../Relu.vhd">
			<FileInfo>
				<Attr Name="UsedInSynthesis"
						Val="1"/>
				<Attr Name="UsedInImplementation"
						Val="1"/>
				<Attr Name="UsedInSimulation"
						Val="1"/>
			</FileInfo>
		</File>
		<File Path="$PPRDIR/../find_max.vhd">
			<FileInfo>
				<Attr Name="UsedInSynthesis"
						Val="1"/>
				<Attr Name="UsedInImplementation"
						Val="1"/>
				<Attr Name="UsedInSimulation"
						Val="1"/>
			</FileInfo>
		</File>
		<File Path="$PPRDIR/../filter_one.vhd">
			<FileInfo>
				<Attr Name="UsedInSynthesis"
						Val="1"/>
				<Attr Name="UsedInImplementation"
						Val="1"/>
				<Attr Name="UsedInSimulation"
						Val="1"/>
			</FileInfo>
		</File>
		<File Path="$PPRDIR/../max_pooling.vhd">
			<FileInfo>
				<Attr Name="UsedInSynthesis"
						Val="1"/>
				<Attr Name="UsedInImplementation"
						Val="1"/>
				<Attr Name="UsedInSimulation"
						Val="1"/>
			</FileInfo>
		</File>
		<File Path="$PPRDIR/../main_conv.vhd">
			<FileInfo>
				<Attr Name="UsedInSynthesis"
						Val="1"/>
				<Attr Name="UsedInImplementation"
						Val="1"/>
				<Attr Name="UsedInSimulation"
						Val="1"/>
			</FileInfo>
		</File>
		<File Path="$PPRDIR/../ipcore_dir/class_weight.vhd">
			<FileInfo>
				<Attr Name="UsedInSynthesis"
						Val="1"/>
				<Attr Name="UsedInImplementation"
						Val="1"/>
				<Attr Name="UsedInSimulation"
						Val="1"/>
			</FileInfo>
		</File>
		<File Path="$PPRDIR/../ipcore_dir/class_weight.ngc">
			<FileInfo>
				<Attr Name="UsedInSynthesis"
						Val="1"/>
				<Attr Name="UsedInImplementation"
						Val="1"/>
				<Attr Name="UsedInSimulation"
						Val="1"/>
			</FileInfo>
		</File>
		<File Path="$PPRDIR/../main_feature.vhd">
			<FileInfo>
				<Attr Name="UsedInSynthesis"
						Val="1"/>
				<Attr Name="UsedInImplementation"
						Val="1"/>
				<Attr Name="UsedInSimulation"
						Val="1"/>
			</FileInfo>
		</File>
		<File Path="$PPRDIR/../main_class.vhd">
			<FileInfo>
				<Attr Name="UsedInSynthesis"
						Val="1"/>
				<Attr Name="UsedInImplementation"
						Val="1"/>
				<Attr Name="UsedInSimulation"
						Val="1"/>
			</FileInfo>
		</File>
		<File Path="$PPRDIR/../main.vhd">
			<FileInfo>
				<Attr Name="UsedInSynthesis"
						Val="1"/>
				<Attr Name="UsedInImplementation"
						Val="1"/>
				<Attr Name="UsedInSimulation"
						Val="1"/>
			</FileInfo>
		</File>
		<Config>
			<Option Name="DesignMode"
					Val="RTL"/>
			<Option Name="TopModule"
					Val="main"/>
		</Config>
	</FileSet>
</DARoots>
